-4400644427685314254,-8655818156195654838,4c6473263ac0fb84797b4bd1b5f1b740,astral_10,Assets/Sprites/Tilesets/5405_tilesheet_astral.png
-201460538643699791,1127223760459724062,4c6473263ac0fb84797b4bd1b5f1b740,astral_13,Assets/Sprites/Tilesets/5405_tilesheet_astral.png
8283533273962829627,1840059084634729652,4c6473263ac0fb84797b4bd1b5f1b740,astral_12,Assets/Sprites/Tilesets/5405_tilesheet_astral.png
7055374874864954388,6346318911325233748,4c6473263ac0fb84797b4bd1b5f1b740,astral_11,Assets/Sprites/Tilesets/5405_tilesheet_astral.png
1127223760459724062,-3165705482850905674,4e6abaaf1c2583e4bb5d1356717cf6db,interior1_dream_15,Assets/Sprites/Tilesets/5387_tilesheet_interior1_dream.png
8694305388649107506,-4129235289053152723,4e6abaaf1c2583e4bb5d1356717cf6db,interior1_dream_113,Assets/Sprites/Tilesets/5387_tilesheet_interior1_dream.png
-6908713535308251356,-5468382029055465884,4e6abaaf1c2583e4bb5d1356717cf6db,interior1_dream_114,Assets/Sprites/Tilesets/5387_tilesheet_interior1_dream.png
2450565909728410856,-5774996654182199871,4e6abaaf1c2583e4bb5d1356717cf6db,interior1_dream_16,Assets/Sprites/Tilesets/5387_tilesheet_interior1_dream.png
-5468382029055465884,-5903299138629098404,4e6abaaf1c2583e4bb5d1356717cf6db,interior1_dream_116,Assets/Sprites/Tilesets/5387_tilesheet_interior1_dream.png
6734684633657039821,-6398567975934360271,4e6abaaf1c2583e4bb5d1356717cf6db,interior1_dream_117,Assets/Sprites/Tilesets/5387_tilesheet_interior1_dream.png
2692228934559545928,-6908713535308251356,4e6abaaf1c2583e4bb5d1356717cf6db,interior1_dream_112,Assets/Sprites/Tilesets/5387_tilesheet_interior1_dream.png
7055374874864954388,-8655818156195654838,4e6abaaf1c2583e4bb5d1356717cf6db,interior1_dream_10,Assets/Sprites/Tilesets/5387_tilesheet_interior1_dream.png
-5903299138629098404,-8957284035257282584,4e6abaaf1c2583e4bb5d1356717cf6db,interior1_dream_118,Assets/Sprites/Tilesets/5387_tilesheet_interior1_dream.png
-6398567975934360271,-9138037040227770232,4e6abaaf1c2583e4bb5d1356717cf6db,interior1_dream_119,Assets/Sprites/Tilesets/5387_tilesheet_interior1_dream.png
6346318911325233748,1127223760459724062,4e6abaaf1c2583e4bb5d1356717cf6db,interior1_dream_13,Assets/Sprites/Tilesets/5387_tilesheet_interior1_dream.png
-8655818156195654838,1840059084634729652,4e6abaaf1c2583e4bb5d1356717cf6db,interior1_dream_12,Assets/Sprites/Tilesets/5387_tilesheet_interior1_dream.png
1840059084634729652,2450565909728410856,4e6abaaf1c2583e4bb5d1356717cf6db,interior1_dream_14,Assets/Sprites/Tilesets/5387_tilesheet_interior1_dream.png
8283533273962829627,2692228934559545928,4e6abaaf1c2583e4bb5d1356717cf6db,interior1_dream_110,Assets/Sprites/Tilesets/5387_tilesheet_interior1_dream.png
-3165705482850905674,4443897450750874535,4e6abaaf1c2583e4bb5d1356717cf6db,interior1_dream_17,Assets/Sprites/Tilesets/5387_tilesheet_interior1_dream.png
-5774996654182199871,5661049957185019681,4e6abaaf1c2583e4bb5d1356717cf6db,interior1_dream_18,Assets/Sprites/Tilesets/5387_tilesheet_interior1_dream.png
-201460538643699791,6346318911325233748,4e6abaaf1c2583e4bb5d1356717cf6db,interior1_dream_11,Assets/Sprites/Tilesets/5387_tilesheet_interior1_dream.png
-4129235289053152723,6734684633657039821,4e6abaaf1c2583e4bb5d1356717cf6db,interior1_dream_115,Assets/Sprites/Tilesets/5387_tilesheet_interior1_dream.png
5661049957185019681,6836142153017594085,4e6abaaf1c2583e4bb5d1356717cf6db,interior1_dream_20,Assets/Sprites/Tilesets/5387_tilesheet_interior1_dream.png
4443897450750874535,8474981341611232960,4e6abaaf1c2583e4bb5d1356717cf6db,interior1_dream_19,Assets/Sprites/Tilesets/5387_tilesheet_interior1_dream.png
4392170440827130783,8694305388649107506,4e6abaaf1c2583e4bb5d1356717cf6db,interior1_dream_111,Assets/Sprites/Tilesets/5387_tilesheet_interior1_dream.png
-5763829074529255567,-1300805632072158905,510d967c43c2f664a9188e35d2ef7acc,saucer_173,Assets/Sprites/Tilesets/5379_tilesheet_saucer.png
5281638212969618885,-1583898042935591190,510d967c43c2f664a9188e35d2ef7acc,saucer_135,Assets/Sprites/Tilesets/5379_tilesheet_saucer.png
-1583898042935591190,-1724086907042617910,510d967c43c2f664a9188e35d2ef7acc,saucer_175,Assets/Sprites/Tilesets/5379_tilesheet_saucer.png
8694305388649107506,-1869248515973406079,510d967c43c2f664a9188e35d2ef7acc,saucer_151,Assets/Sprites/Tilesets/5379_tilesheet_saucer.png
-9016710347682217852,-1977760837791518271,510d967c43c2f664a9188e35d2ef7acc,saucer_189,Assets/Sprites/Tilesets/5379_tilesheet_saucer.png
2425639911146021689,-2115457103611978337,510d967c43c2f664a9188e35d2ef7acc,saucer_161,Assets/Sprites/Tilesets/5379_tilesheet_saucer.png
-3165705482850905674,-2406893295983391241,510d967c43c2f664a9188e35d2ef7acc,saucer_145,Assets/Sprites/Tilesets/5379_tilesheet_saucer.png
2692228934559545928,-3144590571393297090,510d967c43c2f664a9188e35d2ef7acc,saucer_150,Assets/Sprites/Tilesets/5379_tilesheet_saucer.png
-2406893295983391241,-3150301486310352595,510d967c43c2f664a9188e35d2ef7acc,saucer_185,Assets/Sprites/Tilesets/5379_tilesheet_saucer.png
4193222730039741841,-3165705482850905674,510d967c43c2f664a9188e35d2ef7acc,saucer_15,Assets/Sprites/Tilesets/5379_tilesheet_saucer.png
821699465916322869,-3195476417298603316,510d967c43c2f664a9188e35d2ef7acc,saucer_168,Assets/Sprites/Tilesets/5379_tilesheet_saucer.png
-3839419028077224407,-3204314713441666975,510d967c43c2f664a9188e35d2ef7acc,saucer_187,Assets/Sprites/Tilesets/5379_tilesheet_saucer.png
-5903299138629098404,-3213984598705551438,510d967c43c2f664a9188e35d2ef7acc,saucer_156,Assets/Sprites/Tilesets/5379_tilesheet_saucer.png
7026842539221975203,-3493160027052846601,510d967c43c2f664a9188e35d2ef7acc,saucer_180,Assets/Sprites/Tilesets/5379_tilesheet_saucer.png
-3150301486310352595,-3505167688332446886,510d967c43c2f664a9188e35d2ef7acc,saucer_136,Assets/Sprites/Tilesets/5379_tilesheet_saucer.png
6346318911325233748,-3558287319723886022,510d967c43c2f664a9188e35d2ef7acc,saucer_141,Assets/Sprites/Tilesets/5379_tilesheet_saucer.png
605696201848019545,-3713311849071092161,510d967c43c2f664a9188e35d2ef7acc,saucer_125,Assets/Sprites/Tilesets/5379_tilesheet_saucer.png
-6066770748219408245,-3822713577358298166,510d967c43c2f664a9188e35d2ef7acc,saucer_177,Assets/Sprites/Tilesets/5379_tilesheet_saucer.png
4443897450750874535,-3839419028077224407,510d967c43c2f664a9188e35d2ef7acc,saucer_147,Assets/Sprites/Tilesets/5379_tilesheet_saucer.png
-7035195994024675113,-4129235289053152723,510d967c43c2f664a9188e35d2ef7acc,saucer_113,Assets/Sprites/Tilesets/5379_tilesheet_saucer.png
9174235224718242758,-5079105962311074511,510d967c43c2f664a9188e35d2ef7acc,saucer_163,Assets/Sprites/Tilesets/5379_tilesheet_saucer.png
-6398567975934360271,-5307506109448168031,510d967c43c2f664a9188e35d2ef7acc,saucer_157,Assets/Sprites/Tilesets/5379_tilesheet_saucer.png
-8344083640052678453,-5341870609494625678,510d967c43c2f664a9188e35d2ef7acc,saucer_182,Assets/Sprites/Tilesets/5379_tilesheet_saucer.png
-9138037040227770232,-5410082502029113031,510d967c43c2f664a9188e35d2ef7acc,saucer_159,Assets/Sprites/Tilesets/5379_tilesheet_saucer.png
-5079105962311074511,-5468382029055465884,510d967c43c2f664a9188e35d2ef7acc,saucer_114,Assets/Sprites/Tilesets/5379_tilesheet_saucer.png
-3558287319723886022,-554438106920706084,510d967c43c2f664a9188e35d2ef7acc,saucer_181,Assets/Sprites/Tilesets/5379_tilesheet_saucer.png
-5341870609494625678,-5763829074529255567,510d967c43c2f664a9188e35d2ef7acc,saucer_133,Assets/Sprites/Tilesets/5379_tilesheet_saucer.png
-952682199232832059,-5774996654182199871,510d967c43c2f664a9188e35d2ef7acc,saucer_16,Assets/Sprites/Tilesets/5379_tilesheet_saucer.png
7161397670792433542,-5903299138629098404,510d967c43c2f664a9188e35d2ef7acc,saucer_116,Assets/Sprites/Tilesets/5379_tilesheet_saucer.png
-733222574896515085,-6066770748219408245,510d967c43c2f664a9188e35d2ef7acc,saucer_137,Assets/Sprites/Tilesets/5379_tilesheet_saucer.png
-6841722765060534419,-6167804180273747926,510d967c43c2f664a9188e35d2ef7acc,saucer_220,Assets/Sprites/Tilesets/5379_tilesheet_saucer.png
-6848136828857868286,-6398567975934360271,510d967c43c2f664a9188e35d2ef7acc,saucer_117,Assets/Sprites/Tilesets/5379_tilesheet_saucer.png
7564170298869451445,-6467276799757248785,510d967c43c2f664a9188e35d2ef7acc,saucer_172,Assets/Sprites/Tilesets/5379_tilesheet_saucer.png
1641813613071775055,-6841722765060534419,510d967c43c2f664a9188e35d2ef7acc,saucer_179,Assets/Sprites/Tilesets/5379_tilesheet_saucer.png
3685152125961464965,-6848136828857868286,510d967c43c2f664a9188e35d2ef7acc,saucer_166,Assets/Sprites/Tilesets/5379_tilesheet_saucer.png
-2115457103611978337,-6908713535308251356,510d967c43c2f664a9188e35d2ef7acc,saucer_112,Assets/Sprites/Tilesets/5379_tilesheet_saucer.png
7293906268319233776,-7035195994024675113,510d967c43c2f664a9188e35d2ef7acc,saucer_162,Assets/Sprites/Tilesets/5379_tilesheet_saucer.png
8680213767338256587,-733222574896515085,510d967c43c2f664a9188e35d2ef7acc,saucer_186,Assets/Sprites/Tilesets/5379_tilesheet_saucer.png
-8735441677112475752,-7858491299808530786,510d967c43c2f664a9188e35d2ef7acc,saucer_169,Assets/Sprites/Tilesets/5379_tilesheet_saucer.png
-9186735260187993544,-8295142853972654705,510d967c43c2f664a9188e35d2ef7acc,saucer_188,Assets/Sprites/Tilesets/5379_tilesheet_saucer.png
1840059084634729652,-8344083640052678453,510d967c43c2f664a9188e35d2ef7acc,saucer_142,Assets/Sprites/Tilesets/5379_tilesheet_saucer.png
6287607311731213131,-8373222136145620632,510d967c43c2f664a9188e35d2ef7acc,saucer_160,Assets/Sprites/Tilesets/5379_tilesheet_saucer.png
7055374874864954388,-8655818156195654838,510d967c43c2f664a9188e35d2ef7acc,saucer_10,Assets/Sprites/Tilesets/5379_tilesheet_saucer.png
1768339233626080706,-8735441677112475752,510d967c43c2f664a9188e35d2ef7acc,saucer_129,Assets/Sprites/Tilesets/5379_tilesheet_saucer.png
246296347441123025,-8905662136806812126,510d967c43c2f664a9188e35d2ef7acc,saucer_183,Assets/Sprites/Tilesets/5379_tilesheet_saucer.png
700863525252940799,-8957284035257282584,510d967c43c2f664a9188e35d2ef7acc,saucer_118,Assets/Sprites/Tilesets/5379_tilesheet_saucer.png
8474981341611232960,-9016710347682217852,510d967c43c2f664a9188e35d2ef7acc,saucer_149,Assets/Sprites/Tilesets/5379_tilesheet_saucer.png
-3195476417298603316,-9138037040227770232,510d967c43c2f664a9188e35d2ef7acc,saucer_119,Assets/Sprites/Tilesets/5379_tilesheet_saucer.png
5661049957185019681,-9186735260187993544,510d967c43c2f664a9188e35d2ef7acc,saucer_148,Assets/Sprites/Tilesets/5379_tilesheet_saucer.png
6734684633657039821,-952682199232832059,510d967c43c2f664a9188e35d2ef7acc,saucer_155,Assets/Sprites/Tilesets/5379_tilesheet_saucer.png
1462365499702293984,1127223760459724062,510d967c43c2f664a9188e35d2ef7acc,saucer_13,Assets/Sprites/Tilesets/5379_tilesheet_saucer.png
-6908713535308251356,1462365499702293984,510d967c43c2f664a9188e35d2ef7acc,saucer_152,Assets/Sprites/Tilesets/5379_tilesheet_saucer.png
-8905662136806812126,1524157299721021891,510d967c43c2f664a9188e35d2ef7acc,saucer_134,Assets/Sprites/Tilesets/5379_tilesheet_saucer.png
4392170440827130783,162189906751378928,510d967c43c2f664a9188e35d2ef7acc,saucer_130,Assets/Sprites/Tilesets/5379_tilesheet_saucer.png
-8295142853972654705,1641813613071775055,510d967c43c2f664a9188e35d2ef7acc,saucer_139,Assets/Sprites/Tilesets/5379_tilesheet_saucer.png
162189906751378928,1701854330767516314,510d967c43c2f664a9188e35d2ef7acc,saucer_170,Assets/Sprites/Tilesets/5379_tilesheet_saucer.png
6489610241198286182,1768339233626080706,510d967c43c2f664a9188e35d2ef7acc,saucer_178,Assets/Sprites/Tilesets/5379_tilesheet_saucer.png
2450565909728410856,183212007095979961,510d967c43c2f664a9188e35d2ef7acc,saucer_144,Assets/Sprites/Tilesets/5379_tilesheet_saucer.png
-1869248515973406079,1840059084634729652,510d967c43c2f664a9188e35d2ef7acc,saucer_12,Assets/Sprites/Tilesets/5379_tilesheet_saucer.png
1701854330767516314,2425639911146021689,510d967c43c2f664a9188e35d2ef7acc,saucer_121,Assets/Sprites/Tilesets/5379_tilesheet_saucer.png
3117608474565576089,2450565909728410856,510d967c43c2f664a9188e35d2ef7acc,saucer_14,Assets/Sprites/Tilesets/5379_tilesheet_saucer.png
1127223760459724062,246296347441123025,510d967c43c2f664a9188e35d2ef7acc,saucer_143,Assets/Sprites/Tilesets/5379_tilesheet_saucer.png
-3493160027052846601,2551518094793869659,510d967c43c2f664a9188e35d2ef7acc,saucer_131,Assets/Sprites/Tilesets/5379_tilesheet_saucer.png
8283533273962829627,2692228934559545928,510d967c43c2f664a9188e35d2ef7acc,saucer_110,Assets/Sprites/Tilesets/5379_tilesheet_saucer.png
6312037128003990989,2733946097252187821,510d967c43c2f664a9188e35d2ef7acc,saucer_164,Assets/Sprites/Tilesets/5379_tilesheet_saucer.png
8475284525710512774,3021946288986219864,510d967c43c2f664a9188e35d2ef7acc,saucer_127,Assets/Sprites/Tilesets/5379_tilesheet_saucer.png
-4129235289053152723,3117608474565576089,510d967c43c2f664a9188e35d2ef7acc,saucer_153,Assets/Sprites/Tilesets/5379_tilesheet_saucer.png
-1724086907042617910,3685152125961464965,510d967c43c2f664a9188e35d2ef7acc,saucer_126,Assets/Sprites/Tilesets/5379_tilesheet_saucer.png
-7858491299808530786,3739629566794811945,510d967c43c2f664a9188e35d2ef7acc,saucer_210,Assets/Sprites/Tilesets/5379_tilesheet_saucer.png
-5468382029055465884,4193222730039741841,510d967c43c2f664a9188e35d2ef7acc,saucer_154,Assets/Sprites/Tilesets/5379_tilesheet_saucer.png
-3213984598705551438,4443897450750874535,510d967c43c2f664a9188e35d2ef7acc,saucer_17,Assets/Sprites/Tilesets/5379_tilesheet_saucer.png
183212007095979961,5281638212969618885,510d967c43c2f664a9188e35d2ef7acc,saucer_184,Assets/Sprites/Tilesets/5379_tilesheet_saucer.png
-5307506109448168031,5661049957185019681,510d967c43c2f664a9188e35d2ef7acc,saucer_18,Assets/Sprites/Tilesets/5379_tilesheet_saucer.png
2551518094793869659,5932739100274104364,510d967c43c2f664a9188e35d2ef7acc,saucer_171,Assets/Sprites/Tilesets/5379_tilesheet_saucer.png
1524157299721021891,605696201848019545,510d967c43c2f664a9188e35d2ef7acc,saucer_174,Assets/Sprites/Tilesets/5379_tilesheet_saucer.png
-201460538643699791,6287607311731213131,510d967c43c2f664a9188e35d2ef7acc,saucer_120,Assets/Sprites/Tilesets/5379_tilesheet_saucer.png
-1300805632072158905,6312037128003990989,510d967c43c2f664a9188e35d2ef7acc,saucer_124,Assets/Sprites/Tilesets/5379_tilesheet_saucer.png
-3144590571393297090,6346318911325233748,510d967c43c2f664a9188e35d2ef7acc,saucer_11,Assets/Sprites/Tilesets/5379_tilesheet_saucer.png
-3204314713441666975,6489610241198286182,510d967c43c2f664a9188e35d2ef7acc,saucer_138,Assets/Sprites/Tilesets/5379_tilesheet_saucer.png
-8957284035257282584,6489871585197885851,510d967c43c2f664a9188e35d2ef7acc,saucer_158,Assets/Sprites/Tilesets/5379_tilesheet_saucer.png
2733946097252187821,6734684633657039821,510d967c43c2f664a9188e35d2ef7acc,saucer_115,Assets/Sprites/Tilesets/5379_tilesheet_saucer.png
-5410082502029113031,6836142153017594085,510d967c43c2f664a9188e35d2ef7acc,saucer_20,Assets/Sprites/Tilesets/5379_tilesheet_saucer.png
3021946288986219864,700863525252940799,510d967c43c2f664a9188e35d2ef7acc,saucer_167,Assets/Sprites/Tilesets/5379_tilesheet_saucer.png
-8655818156195654838,7026842539221975203,510d967c43c2f664a9188e35d2ef7acc,saucer_140,Assets/Sprites/Tilesets/5379_tilesheet_saucer.png
-3713311849071092161,7161397670792433542,510d967c43c2f664a9188e35d2ef7acc,saucer_165,Assets/Sprites/Tilesets/5379_tilesheet_saucer.png
5932739100274104364,7293906268319233776,510d967c43c2f664a9188e35d2ef7acc,saucer_122,Assets/Sprites/Tilesets/5379_tilesheet_saucer.png
-554438106920706084,7564170298869451445,510d967c43c2f664a9188e35d2ef7acc,saucer_132,Assets/Sprites/Tilesets/5379_tilesheet_saucer.png
-3822713577358298166,821699465916322869,510d967c43c2f664a9188e35d2ef7acc,saucer_128,Assets/Sprites/Tilesets/5379_tilesheet_saucer.png
-1977760837791518271,8298471800516993061,510d967c43c2f664a9188e35d2ef7acc,saucer_230,Assets/Sprites/Tilesets/5379_tilesheet_saucer.png
6489871585197885851,8474981341611232960,510d967c43c2f664a9188e35d2ef7acc,saucer_19,Assets/Sprites/Tilesets/5379_tilesheet_saucer.png
-3505167688332446886,8475284525710512774,510d967c43c2f664a9188e35d2ef7acc,saucer_176,Assets/Sprites/Tilesets/5379_tilesheet_saucer.png
-5774996654182199871,8680213767338256587,510d967c43c2f664a9188e35d2ef7acc,saucer_146,Assets/Sprites/Tilesets/5379_tilesheet_saucer.png
-8373222136145620632,8694305388649107506,510d967c43c2f664a9188e35d2ef7acc,saucer_111,Assets/Sprites/Tilesets/5379_tilesheet_saucer.png
-6467276799757248785,9174235224718242758,510d967c43c2f664a9188e35d2ef7acc,saucer_123,Assets/Sprites/Tilesets/5379_tilesheet_saucer.png
-5468382029055465884,-3165705482850905674,58056c56faab4404280655d6e27c5d1f,cave2_dream_15,Assets/Sprites/Tilesets/5400_tilesheet_cave2_dream.png
-3165705482850905674,-3713311849071092161,58056c56faab4404280655d6e27c5d1f,cave2_dream_125,Assets/Sprites/Tilesets/5400_tilesheet_cave2_dream.png
7293906268319233776,-4129235289053152723,58056c56faab4404280655d6e27c5d1f,cave2_dream_113,Assets/Sprites/Tilesets/5400_tilesheet_cave2_dream.png
9174235224718242758,-5468382029055465884,58056c56faab4404280655d6e27c5d1f,cave2_dream_114,Assets/Sprites/Tilesets/5400_tilesheet_cave2_dream.png
6734684633657039821,-5774996654182199871,58056c56faab4404280655d6e27c5d1f,cave2_dream_16,Assets/Sprites/Tilesets/5400_tilesheet_cave2_dream.png
-3713311849071092161,-5903299138629098404,58056c56faab4404280655d6e27c5d1f,cave2_dream_116,Assets/Sprites/Tilesets/5400_tilesheet_cave2_dream.png
3685152125961464965,-6398567975934360271,58056c56faab4404280655d6e27c5d1f,cave2_dream_117,Assets/Sprites/Tilesets/5400_tilesheet_cave2_dream.png
2425639911146021689,-6908713535308251356,58056c56faab4404280655d6e27c5d1f,cave2_dream_112,Assets/Sprites/Tilesets/5400_tilesheet_cave2_dream.png
-201460538643699791,-8655818156195654838,58056c56faab4404280655d6e27c5d1f,cave2_dream_10,Assets/Sprites/Tilesets/5400_tilesheet_cave2_dream.png
8474981341611232960,-8735441677112475752,58056c56faab4404280655d6e27c5d1f,cave2_dream_129,Assets/Sprites/Tilesets/5400_tilesheet_cave2_dream.png
3021946288986219864,-8957284035257282584,58056c56faab4404280655d6e27c5d1f,cave2_dream_118,Assets/Sprites/Tilesets/5400_tilesheet_cave2_dream.png
821699465916322869,-9138037040227770232,58056c56faab4404280655d6e27c5d1f,cave2_dream_119,Assets/Sprites/Tilesets/5400_tilesheet_cave2_dream.png
-6908713535308251356,1127223760459724062,58056c56faab4404280655d6e27c5d1f,cave2_dream_13,Assets/Sprites/Tilesets/5400_tilesheet_cave2_dream.png
8694305388649107506,1840059084634729652,58056c56faab4404280655d6e27c5d1f,cave2_dream_12,Assets/Sprites/Tilesets/5400_tilesheet_cave2_dream.png
-8735441677112475752,2185498278340178504,58056c56faab4404280655d6e27c5d1f,cave2_dream_21,Assets/Sprites/Tilesets/5400_tilesheet_cave2_dream.png
6346318911325233748,2425639911146021689,58056c56faab4404280655d6e27c5d1f,cave2_dream_121,Assets/Sprites/Tilesets/5400_tilesheet_cave2_dream.png
-4129235289053152723,2450565909728410856,58056c56faab4404280655d6e27c5d1f,cave2_dream_14,Assets/Sprites/Tilesets/5400_tilesheet_cave2_dream.png
4392170440827130783,2692228934559545928,58056c56faab4404280655d6e27c5d1f,cave2_dream_110,Assets/Sprites/Tilesets/5400_tilesheet_cave2_dream.png
4443897450750874535,3021946288986219864,58056c56faab4404280655d6e27c5d1f,cave2_dream_127,Assets/Sprites/Tilesets/5400_tilesheet_cave2_dream.png
-5774996654182199871,3685152125961464965,58056c56faab4404280655d6e27c5d1f,cave2_dream_126,Assets/Sprites/Tilesets/5400_tilesheet_cave2_dream.png
6836142153017594085,430984766625829748,58056c56faab4404280655d6e27c5d1f,cave2_dream_22,Assets/Sprites/Tilesets/5400_tilesheet_cave2_dream.png
-5903299138629098404,4443897450750874535,58056c56faab4404280655d6e27c5d1f,cave2_dream_17,Assets/Sprites/Tilesets/5400_tilesheet_cave2_dream.png
-6398567975934360271,5661049957185019681,58056c56faab4404280655d6e27c5d1f,cave2_dream_18,Assets/Sprites/Tilesets/5400_tilesheet_cave2_dream.png
-8655818156195654838,6287607311731213131,58056c56faab4404280655d6e27c5d1f,cave2_dream_120,Assets/Sprites/Tilesets/5400_tilesheet_cave2_dream.png
2450565909728410856,6312037128003990989,58056c56faab4404280655d6e27c5d1f,cave2_dream_124,Assets/Sprites/Tilesets/5400_tilesheet_cave2_dream.png
2692228934559545928,6346318911325233748,58056c56faab4404280655d6e27c5d1f,cave2_dream_11,Assets/Sprites/Tilesets/5400_tilesheet_cave2_dream.png
6312037128003990989,6734684633657039821,58056c56faab4404280655d6e27c5d1f,cave2_dream_115,Assets/Sprites/Tilesets/5400_tilesheet_cave2_dream.png
-9138037040227770232,6836142153017594085,58056c56faab4404280655d6e27c5d1f,cave2_dream_20,Assets/Sprites/Tilesets/5400_tilesheet_cave2_dream.png
1840059084634729652,7293906268319233776,58056c56faab4404280655d6e27c5d1f,cave2_dream_122,Assets/Sprites/Tilesets/5400_tilesheet_cave2_dream.png
5661049957185019681,821699465916322869,58056c56faab4404280655d6e27c5d1f,cave2_dream_128,Assets/Sprites/Tilesets/5400_tilesheet_cave2_dream.png
-8957284035257282584,8474981341611232960,58056c56faab4404280655d6e27c5d1f,cave2_dream_19,Assets/Sprites/Tilesets/5400_tilesheet_cave2_dream.png
6287607311731213131,8694305388649107506,58056c56faab4404280655d6e27c5d1f,cave2_dream_111,Assets/Sprites/Tilesets/5400_tilesheet_cave2_dream.png
1127223760459724062,9174235224718242758,58056c56faab4404280655d6e27c5d1f,cave2_dream_123,Assets/Sprites/Tilesets/5400_tilesheet_cave2_dream.png
430984766625829748,-1317986280940093683,9563385300f0a61468945ed8a2625ffc,cave5_23,Assets/Sprites/Tilesets/5398_tilesheet_cave5.png
6312037128003990989,-3165705482850905674,9563385300f0a61468945ed8a2625ffc,cave5_15,Assets/Sprites/Tilesets/5398_tilesheet_cave5.png
6734684633657039821,-3713311849071092161,9563385300f0a61468945ed8a2625ffc,cave5_125,Assets/Sprites/Tilesets/5398_tilesheet_cave5.png
1127223760459724062,-4129235289053152723,9563385300f0a61468945ed8a2625ffc,cave5_113,Assets/Sprites/Tilesets/5398_tilesheet_cave5.png
2450565909728410856,-5468382029055465884,9563385300f0a61468945ed8a2625ffc,cave5_114,Assets/Sprites/Tilesets/5398_tilesheet_cave5.png
-3713311849071092161,-5774996654182199871,9563385300f0a61468945ed8a2625ffc,cave5_16,Assets/Sprites/Tilesets/5398_tilesheet_cave5.png
-5774996654182199871,-5903299138629098404,9563385300f0a61468945ed8a2625ffc,cave5_116,Assets/Sprites/Tilesets/5398_tilesheet_cave5.png
4443897450750874535,-6398567975934360271,9563385300f0a61468945ed8a2625ffc,cave5_117,Assets/Sprites/Tilesets/5398_tilesheet_cave5.png
1840059084634729652,-6908713535308251356,9563385300f0a61468945ed8a2625ffc,cave5_112,Assets/Sprites/Tilesets/5398_tilesheet_cave5.png
4392170440827130783,-8655818156195654838,9563385300f0a61468945ed8a2625ffc,cave5_10,Assets/Sprites/Tilesets/5398_tilesheet_cave5.png
-9138037040227770232,-8735441677112475752,9563385300f0a61468945ed8a2625ffc,cave5_129,Assets/Sprites/Tilesets/5398_tilesheet_cave5.png
5661049957185019681,-8957284035257282584,9563385300f0a61468945ed8a2625ffc,cave5_118,Assets/Sprites/Tilesets/5398_tilesheet_cave5.png
8474981341611232960,-9138037040227770232,9563385300f0a61468945ed8a2625ffc,cave5_119,Assets/Sprites/Tilesets/5398_tilesheet_cave5.png
7293906268319233776,1127223760459724062,9563385300f0a61468945ed8a2625ffc,cave5_13,Assets/Sprites/Tilesets/5398_tilesheet_cave5.png
2425639911146021689,1840059084634729652,9563385300f0a61468945ed8a2625ffc,cave5_12,Assets/Sprites/Tilesets/5398_tilesheet_cave5.png
6836142153017594085,2185498278340178504,9563385300f0a61468945ed8a2625ffc,cave5_21,Assets/Sprites/Tilesets/5398_tilesheet_cave5.png
8694305388649107506,2425639911146021689,9563385300f0a61468945ed8a2625ffc,cave5_121,Assets/Sprites/Tilesets/5398_tilesheet_cave5.png
9174235224718242758,2450565909728410856,9563385300f0a61468945ed8a2625ffc,cave5_14,Assets/Sprites/Tilesets/5398_tilesheet_cave5.png
-8655818156195654838,2692228934559545928,9563385300f0a61468945ed8a2625ffc,cave5_110,Assets/Sprites/Tilesets/5398_tilesheet_cave5.png
-6398567975934360271,3021946288986219864,9563385300f0a61468945ed8a2625ffc,cave5_127,Assets/Sprites/Tilesets/5398_tilesheet_cave5.png
-5903299138629098404,3685152125961464965,9563385300f0a61468945ed8a2625ffc,cave5_126,Assets/Sprites/Tilesets/5398_tilesheet_cave5.png
2185498278340178504,430984766625829748,9563385300f0a61468945ed8a2625ffc,cave5_22,Assets/Sprites/Tilesets/5398_tilesheet_cave5.png
3685152125961464965,4443897450750874535,9563385300f0a61468945ed8a2625ffc,cave5_17,Assets/Sprites/Tilesets/5398_tilesheet_cave5.png
3021946288986219864,5661049957185019681,9563385300f0a61468945ed8a2625ffc,cave5_18,Assets/Sprites/Tilesets/5398_tilesheet_cave5.png
2692228934559545928,6287607311731213131,9563385300f0a61468945ed8a2625ffc,cave5_120,Assets/Sprites/Tilesets/5398_tilesheet_cave5.png
-5468382029055465884,6312037128003990989,9563385300f0a61468945ed8a2625ffc,cave5_124,Assets/Sprites/Tilesets/5398_tilesheet_cave5.png
6287607311731213131,6346318911325233748,9563385300f0a61468945ed8a2625ffc,cave5_11,Assets/Sprites/Tilesets/5398_tilesheet_cave5.png
-3165705482850905674,6734684633657039821,9563385300f0a61468945ed8a2625ffc,cave5_115,Assets/Sprites/Tilesets/5398_tilesheet_cave5.png
-8735441677112475752,6836142153017594085,9563385300f0a61468945ed8a2625ffc,cave5_20,Assets/Sprites/Tilesets/5398_tilesheet_cave5.png
-6908713535308251356,7293906268319233776,9563385300f0a61468945ed8a2625ffc,cave5_122,Assets/Sprites/Tilesets/5398_tilesheet_cave5.png
-8957284035257282584,821699465916322869,9563385300f0a61468945ed8a2625ffc,cave5_128,Assets/Sprites/Tilesets/5398_tilesheet_cave5.png
821699465916322869,8474981341611232960,9563385300f0a61468945ed8a2625ffc,cave5_19,Assets/Sprites/Tilesets/5398_tilesheet_cave5.png
6346318911325233748,8694305388649107506,9563385300f0a61468945ed8a2625ffc,cave5_111,Assets/Sprites/Tilesets/5398_tilesheet_cave5.png
-4129235289053152723,9174235224718242758,9563385300f0a61468945ed8a2625ffc,cave5_123,Assets/Sprites/Tilesets/5398_tilesheet_cave5.png
-5468382029055465884,-3165705482850905674,a4c430135a33f394b9210ead18f73cc3,cave6_15,Assets/Sprites/Tilesets/5397_tilesheet_cave6.png
-3165705482850905674,-3713311849071092161,a4c430135a33f394b9210ead18f73cc3,cave6_125,Assets/Sprites/Tilesets/5397_tilesheet_cave6.png
7293906268319233776,-4129235289053152723,a4c430135a33f394b9210ead18f73cc3,cave6_113,Assets/Sprites/Tilesets/5397_tilesheet_cave6.png
9174235224718242758,-5468382029055465884,a4c430135a33f394b9210ead18f73cc3,cave6_114,Assets/Sprites/Tilesets/5397_tilesheet_cave6.png
6734684633657039821,-5774996654182199871,a4c430135a33f394b9210ead18f73cc3,cave6_16,Assets/Sprites/Tilesets/5397_tilesheet_cave6.png
-3713311849071092161,-5903299138629098404,a4c430135a33f394b9210ead18f73cc3,cave6_116,Assets/Sprites/Tilesets/5397_tilesheet_cave6.png
3685152125961464965,-6398567975934360271,a4c430135a33f394b9210ead18f73cc3,cave6_117,Assets/Sprites/Tilesets/5397_tilesheet_cave6.png
2425639911146021689,-6908713535308251356,a4c430135a33f394b9210ead18f73cc3,cave6_112,Assets/Sprites/Tilesets/5397_tilesheet_cave6.png
-201460538643699791,-8655818156195654838,a4c430135a33f394b9210ead18f73cc3,cave6_10,Assets/Sprites/Tilesets/5397_tilesheet_cave6.png
8474981341611232960,-8735441677112475752,a4c430135a33f394b9210ead18f73cc3,cave6_129,Assets/Sprites/Tilesets/5397_tilesheet_cave6.png
3021946288986219864,-8957284035257282584,a4c430135a33f394b9210ead18f73cc3,cave6_118,Assets/Sprites/Tilesets/5397_tilesheet_cave6.png
821699465916322869,-9138037040227770232,a4c430135a33f394b9210ead18f73cc3,cave6_119,Assets/Sprites/Tilesets/5397_tilesheet_cave6.png
-6908713535308251356,1127223760459724062,a4c430135a33f394b9210ead18f73cc3,cave6_13,Assets/Sprites/Tilesets/5397_tilesheet_cave6.png
8694305388649107506,1840059084634729652,a4c430135a33f394b9210ead18f73cc3,cave6_12,Assets/Sprites/Tilesets/5397_tilesheet_cave6.png
-8735441677112475752,2185498278340178504,a4c430135a33f394b9210ead18f73cc3,cave6_21,Assets/Sprites/Tilesets/5397_tilesheet_cave6.png
6346318911325233748,2425639911146021689,a4c430135a33f394b9210ead18f73cc3,cave6_121,Assets/Sprites/Tilesets/5397_tilesheet_cave6.png
-4129235289053152723,2450565909728410856,a4c430135a33f394b9210ead18f73cc3,cave6_14,Assets/Sprites/Tilesets/5397_tilesheet_cave6.png
4392170440827130783,2692228934559545928,a4c430135a33f394b9210ead18f73cc3,cave6_110,Assets/Sprites/Tilesets/5397_tilesheet_cave6.png
4443897450750874535,3021946288986219864,a4c430135a33f394b9210ead18f73cc3,cave6_127,Assets/Sprites/Tilesets/5397_tilesheet_cave6.png
-5774996654182199871,3685152125961464965,a4c430135a33f394b9210ead18f73cc3,cave6_126,Assets/Sprites/Tilesets/5397_tilesheet_cave6.png
6836142153017594085,430984766625829748,a4c430135a33f394b9210ead18f73cc3,cave6_22,Assets/Sprites/Tilesets/5397_tilesheet_cave6.png
-5903299138629098404,4443897450750874535,a4c430135a33f394b9210ead18f73cc3,cave6_17,Assets/Sprites/Tilesets/5397_tilesheet_cave6.png
-6398567975934360271,5661049957185019681,a4c430135a33f394b9210ead18f73cc3,cave6_18,Assets/Sprites/Tilesets/5397_tilesheet_cave6.png
-8655818156195654838,6287607311731213131,a4c430135a33f394b9210ead18f73cc3,cave6_120,Assets/Sprites/Tilesets/5397_tilesheet_cave6.png
2450565909728410856,6312037128003990989,a4c430135a33f394b9210ead18f73cc3,cave6_124,Assets/Sprites/Tilesets/5397_tilesheet_cave6.png
2692228934559545928,6346318911325233748,a4c430135a33f394b9210ead18f73cc3,cave6_11,Assets/Sprites/Tilesets/5397_tilesheet_cave6.png
6312037128003990989,6734684633657039821,a4c430135a33f394b9210ead18f73cc3,cave6_115,Assets/Sprites/Tilesets/5397_tilesheet_cave6.png
-9138037040227770232,6836142153017594085,a4c430135a33f394b9210ead18f73cc3,cave6_20,Assets/Sprites/Tilesets/5397_tilesheet_cave6.png
1840059084634729652,7293906268319233776,a4c430135a33f394b9210ead18f73cc3,cave6_122,Assets/Sprites/Tilesets/5397_tilesheet_cave6.png
5661049957185019681,821699465916322869,a4c430135a33f394b9210ead18f73cc3,cave6_128,Assets/Sprites/Tilesets/5397_tilesheet_cave6.png
-8957284035257282584,8474981341611232960,a4c430135a33f394b9210ead18f73cc3,cave6_19,Assets/Sprites/Tilesets/5397_tilesheet_cave6.png
6287607311731213131,8694305388649107506,a4c430135a33f394b9210ead18f73cc3,cave6_111,Assets/Sprites/Tilesets/5397_tilesheet_cave6.png
1127223760459724062,9174235224718242758,a4c430135a33f394b9210ead18f73cc3,cave6_123,Assets/Sprites/Tilesets/5397_tilesheet_cave6.png
2450565909728410856,-3165705482850905674,ef6e22046d536ed43b77ff003899f224,sewer_15,Assets/Sprites/Tilesets/5377_tilesheet_sewer.png
-6908713535308251356,-4129235289053152723,ef6e22046d536ed43b77ff003899f224,sewer_113,Assets/Sprites/Tilesets/5377_tilesheet_sewer.png
-4129235289053152723,-5468382029055465884,ef6e22046d536ed43b77ff003899f224,sewer_114,Assets/Sprites/Tilesets/5377_tilesheet_sewer.png
-3165705482850905674,-5774996654182199871,ef6e22046d536ed43b77ff003899f224,sewer_16,Assets/Sprites/Tilesets/5377_tilesheet_sewer.png
6734684633657039821,-5903299138629098404,ef6e22046d536ed43b77ff003899f224,sewer_116,Assets/Sprites/Tilesets/5377_tilesheet_sewer.png
-5903299138629098404,-6398567975934360271,ef6e22046d536ed43b77ff003899f224,sewer_117,Assets/Sprites/Tilesets/5377_tilesheet_sewer.png
8694305388649107506,-6908713535308251356,ef6e22046d536ed43b77ff003899f224,sewer_112,Assets/Sprites/Tilesets/5377_tilesheet_sewer.png
-201460538643699791,-8655818156195654838,ef6e22046d536ed43b77ff003899f224,sewer_10,Assets/Sprites/Tilesets/5377_tilesheet_sewer.png
-6398567975934360271,-8957284035257282584,ef6e22046d536ed43b77ff003899f224,sewer_118,Assets/Sprites/Tilesets/5377_tilesheet_sewer.png
-8957284035257282584,-9138037040227770232,ef6e22046d536ed43b77ff003899f224,sewer_119,Assets/Sprites/Tilesets/5377_tilesheet_sewer.png
1840059084634729652,1127223760459724062,ef6e22046d536ed43b77ff003899f224,sewer_13,Assets/Sprites/Tilesets/5377_tilesheet_sewer.png
6346318911325233748,1840059084634729652,ef6e22046d536ed43b77ff003899f224,sewer_12,Assets/Sprites/Tilesets/5377_tilesheet_sewer.png
-9138037040227770232,2185498278340178504,ef6e22046d536ed43b77ff003899f224,sewer_21,Assets/Sprites/Tilesets/5377_tilesheet_sewer.png
1127223760459724062,2450565909728410856,ef6e22046d536ed43b77ff003899f224,sewer_14,Assets/Sprites/Tilesets/5377_tilesheet_sewer.png
4392170440827130783,2692228934559545928,ef6e22046d536ed43b77ff003899f224,sewer_110,Assets/Sprites/Tilesets/5377_tilesheet_sewer.png
6836142153017594085,430984766625829748,ef6e22046d536ed43b77ff003899f224,sewer_22,Assets/Sprites/Tilesets/5377_tilesheet_sewer.png
-5774996654182199871,4443897450750874535,ef6e22046d536ed43b77ff003899f224,sewer_17,Assets/Sprites/Tilesets/5377_tilesheet_sewer.png
4443897450750874535,5661049957185019681,ef6e22046d536ed43b77ff003899f224,sewer_18,Assets/Sprites/Tilesets/5377_tilesheet_sewer.png
-8655818156195654838,6346318911325233748,ef6e22046d536ed43b77ff003899f224,sewer_11,Assets/Sprites/Tilesets/5377_tilesheet_sewer.png
-5468382029055465884,6734684633657039821,ef6e22046d536ed43b77ff003899f224,sewer_115,Assets/Sprites/Tilesets/5377_tilesheet_sewer.png
8474981341611232960,6836142153017594085,ef6e22046d536ed43b77ff003899f224,sewer_20,Assets/Sprites/Tilesets/5377_tilesheet_sewer.png
5661049957185019681,8474981341611232960,ef6e22046d536ed43b77ff003899f224,sewer_19,Assets/Sprites/Tilesets/5377_tilesheet_sewer.png
2692228934559545928,8694305388649107506,ef6e22046d536ed43b77ff003899f224,sewer_111,Assets/Sprites/Tilesets/5377_tilesheet_sewer.png
-5468382029055465884,-3165705482850905674,f72eaced73d1ce14494a6e73000188c9,cave2_15,Assets/Sprites/Tilesets/5401_tilesheet_cave2.png
-3165705482850905674,-3713311849071092161,f72eaced73d1ce14494a6e73000188c9,cave2_125,Assets/Sprites/Tilesets/5401_tilesheet_cave2.png
7293906268319233776,-4129235289053152723,f72eaced73d1ce14494a6e73000188c9,cave2_113,Assets/Sprites/Tilesets/5401_tilesheet_cave2.png
9174235224718242758,-5468382029055465884,f72eaced73d1ce14494a6e73000188c9,cave2_114,Assets/Sprites/Tilesets/5401_tilesheet_cave2.png
6734684633657039821,-5774996654182199871,f72eaced73d1ce14494a6e73000188c9,cave2_16,Assets/Sprites/Tilesets/5401_tilesheet_cave2.png
-3713311849071092161,-5903299138629098404,f72eaced73d1ce14494a6e73000188c9,cave2_116,Assets/Sprites/Tilesets/5401_tilesheet_cave2.png
3685152125961464965,-6398567975934360271,f72eaced73d1ce14494a6e73000188c9,cave2_117,Assets/Sprites/Tilesets/5401_tilesheet_cave2.png
2425639911146021689,-6908713535308251356,f72eaced73d1ce14494a6e73000188c9,cave2_112,Assets/Sprites/Tilesets/5401_tilesheet_cave2.png
-201460538643699791,-8655818156195654838,f72eaced73d1ce14494a6e73000188c9,cave2_10,Assets/Sprites/Tilesets/5401_tilesheet_cave2.png
8474981341611232960,-8735441677112475752,f72eaced73d1ce14494a6e73000188c9,cave2_129,Assets/Sprites/Tilesets/5401_tilesheet_cave2.png
3021946288986219864,-8957284035257282584,f72eaced73d1ce14494a6e73000188c9,cave2_118,Assets/Sprites/Tilesets/5401_tilesheet_cave2.png
821699465916322869,-9138037040227770232,f72eaced73d1ce14494a6e73000188c9,cave2_119,Assets/Sprites/Tilesets/5401_tilesheet_cave2.png
-6908713535308251356,1127223760459724062,f72eaced73d1ce14494a6e73000188c9,cave2_13,Assets/Sprites/Tilesets/5401_tilesheet_cave2.png
8694305388649107506,1840059084634729652,f72eaced73d1ce14494a6e73000188c9,cave2_12,Assets/Sprites/Tilesets/5401_tilesheet_cave2.png
-8735441677112475752,2185498278340178504,f72eaced73d1ce14494a6e73000188c9,cave2_21,Assets/Sprites/Tilesets/5401_tilesheet_cave2.png
6346318911325233748,2425639911146021689,f72eaced73d1ce14494a6e73000188c9,cave2_121,Assets/Sprites/Tilesets/5401_tilesheet_cave2.png
-4129235289053152723,2450565909728410856,f72eaced73d1ce14494a6e73000188c9,cave2_14,Assets/Sprites/Tilesets/5401_tilesheet_cave2.png
4392170440827130783,2692228934559545928,f72eaced73d1ce14494a6e73000188c9,cave2_110,Assets/Sprites/Tilesets/5401_tilesheet_cave2.png
4443897450750874535,3021946288986219864,f72eaced73d1ce14494a6e73000188c9,cave2_127,Assets/Sprites/Tilesets/5401_tilesheet_cave2.png
-5774996654182199871,3685152125961464965,f72eaced73d1ce14494a6e73000188c9,cave2_126,Assets/Sprites/Tilesets/5401_tilesheet_cave2.png
6836142153017594085,430984766625829748,f72eaced73d1ce14494a6e73000188c9,cave2_22,Assets/Sprites/Tilesets/5401_tilesheet_cave2.png
-5903299138629098404,4443897450750874535,f72eaced73d1ce14494a6e73000188c9,cave2_17,Assets/Sprites/Tilesets/5401_tilesheet_cave2.png
-6398567975934360271,5661049957185019681,f72eaced73d1ce14494a6e73000188c9,cave2_18,Assets/Sprites/Tilesets/5401_tilesheet_cave2.png
-8655818156195654838,6287607311731213131,f72eaced73d1ce14494a6e73000188c9,cave2_120,Assets/Sprites/Tilesets/5401_tilesheet_cave2.png
2450565909728410856,6312037128003990989,f72eaced73d1ce14494a6e73000188c9,cave2_124,Assets/Sprites/Tilesets/5401_tilesheet_cave2.png
2692228934559545928,6346318911325233748,f72eaced73d1ce14494a6e73000188c9,cave2_11,Assets/Sprites/Tilesets/5401_tilesheet_cave2.png
6312037128003990989,6734684633657039821,f72eaced73d1ce14494a6e73000188c9,cave2_115,Assets/Sprites/Tilesets/5401_tilesheet_cave2.png
-9138037040227770232,6836142153017594085,f72eaced73d1ce14494a6e73000188c9,cave2_20,Assets/Sprites/Tilesets/5401_tilesheet_cave2.png
1840059084634729652,7293906268319233776,f72eaced73d1ce14494a6e73000188c9,cave2_122,Assets/Sprites/Tilesets/5401_tilesheet_cave2.png
5661049957185019681,821699465916322869,f72eaced73d1ce14494a6e73000188c9,cave2_128,Assets/Sprites/Tilesets/5401_tilesheet_cave2.png
-8957284035257282584,8474981341611232960,f72eaced73d1ce14494a6e73000188c9,cave2_19,Assets/Sprites/Tilesets/5401_tilesheet_cave2.png
6287607311731213131,8694305388649107506,f72eaced73d1ce14494a6e73000188c9,cave2_111,Assets/Sprites/Tilesets/5401_tilesheet_cave2.png
1127223760459724062,9174235224718242758,f72eaced73d1ce14494a6e73000188c9,cave2_123,Assets/Sprites/Tilesets/5401_tilesheet_cave2.png
